<?xml version="1.0" encoding="UTF-8"?>
<!DOCTYPE hibernate-configuration PUBLIC
		"-//Hibernate/Hibernate Configuration DTD 3.0//EN"
		"http://hibernate.sourceforge.net/hibernate-configuration-3.0.dtd">
<hibernate-configuration>
<!-- 
    <session-factory name="hk202SessionFactory">
        <property name="hibernate.connection.driver_class">net.sourceforge.jtds.jdbc.Driver</property>
        <property name="hibernate.connection.password">lk_user12345</property>
        <property name="hibernate.connection.url">jdbc:jtds:sqlserver://202.59.154.248:1433;databaseName=LK_DATA;</property>
        <property name="hibernate.connection.username">lk_user</property>
        <property name="hibernate.default_schema">dbo</property>
        <property name="hibernate.dialect">org.hibernate.dialect.SQLServerDialect</property>
    </session-factory> -->
     <session-factory name="sessionFactory">
        <property name="hibernate.connection.driver_class">net.sourceforge.jtds.jdbc.Driver</property>
        <property name="hibernate.connection.password">Admin12345</property>
        <property name="hibernate.connection.url">jdbc:jtds:sqlserver://192.168.10.88:1433;databaseName=Test;</property>
        <property name="hibernate.connection.username">sa</property>
        <property name="hibernate.default_catalog">Test</property>
        <property name="hibernate.default_schema">dbo</property>
        <property name="hibernate.dialect">org.hibernate.dialect.SQLServerDialect</property>
    </session-factory>
</hibernate-configuration>
