<?xml version="1.0" encoding="UTF-8" ?>
<!DOCTYPE log4j:configuration PUBLIC "-//log4j/log4j Configuration//EN" "log4j.dtd">
<!-- 

!!!!!!!! 此文件在运行Java桌面程序(如Embedding Jetty)时用到,
若是纯Web应用,使用src/test/resources下的log4j.xml并删除此文件  !!!!!!!!

# The five logging levels used by Log are (in order):
#	0. TRACE (the least serious)
#   1. DEBUG 
#   2. INFO
#   3. WARN
#   4. ERROR
#   5. FATAL (the most serious)
 -->
<log4j:configuration xmlns:log4j="http://jakarta.apache.org/log4j/">

	<appender name="STDOUT" class="org.apache.log4j.ConsoleAppender">
		<layout class="org.apache.log4j.PatternLayout">
			<param name="ConversionPattern" value="%d %-5p %c.%M:%L - %m%n" />
		</layout>
	</appender>

	<!-- specify the logging level for loggers from other libraries -->
	<logger name="com.opensymphony">
		<level value="INFO" />
	</logger>

	<logger name="org.apache.struts2">
		<level value="INFO" />
	</logger>

	<!-- for all other loggers log only info and above log messages -->
	<root>
		<priority value="INFO" />
		<appender-ref ref="STDOUT" />
	</root>

</log4j:configuration> 